{"title":"RRRP","longName":"3R PETROLEUM ÓLEO E GÁS S.A","shortName":"3R PETROLEUM"}
{"title":"TZRD","longName":"3Z REALTY DESENVOLVIMENTO IMOBILIARIO S/A","shortName":"3ZREALTY"}
{"title":"QVQP","longName":"524 PARTICIPACOES S.A.","shortName":"524 PARTICIP"}
{"title":"GRDR","longName":"A GERADORA ALUGUEL DE MAQUINAS S.A.","shortName":"GERADORA"}
{"title":"BODY","longName":"A BODYTECH PARTICIPACOES S.A.","shortName":"BODYTECH"}
{"title":"ATBC","longName":"AB CONCESSOES S.A.","shortName":"ABCONCESSOES"}
{"title":"ABAP","longName":"ABA PORTO PARTICIPACOES S/A","shortName":"ABAPORTO"}
{"title":"ABPR","longName":"ABAPORU PARTICIPACOES S/A","shortName":"ABAPORU"}
{"title":"ABMX","longName":"ABIMEX IMPORTACAO E EXPORTACAO S/A","shortName":"ABIMEX"}
{"title":"ABRL","longName":"ABRIL COMUNICACOES S.A.","shortName":"ABRIL COM"}
{"title":"ACEC","longName":"ACECO TI S/A","shortName":"ACECOTI"}
{"title":"FCEF","longName":"ACEF S.A.","shortName":"ACEF"}
{"title":"ACHE","longName":"Ache Laboratorios Farmaceuticos S.A.","shortName":"ACHELABORAT"}
{"title":"ACQO","longName":"ACQIO HOLDING PARTICIPACOES S.A.","shortName":"ACQIO HOLDIN"}
{"title":"ADMA","longName":"ADAMI S.A. - MADEIRAS","shortName":"ADAMI"}
{"title":"ADAG","longName":"ADECOAGRO VALE DO EVINHEMA S.A.","shortName":"ADECOAGRO VA"}
{"title":"AERI","longName":"AERIS IND. E COM. DE EQUIP. GERACAO DE ENERGIA S/A","shortName":"AERIS"}
{"title":"VRCP","longName":"AEROPORTOS BRASIL - VIRACOPOS S.A.","shortName":"VIRACOPOS"}
{"title":"AESB","longName":"AES BRASIL ENERGIA S.A.","shortName":"AES BRASIL"}
{"title":"AHBR","longName":"AES HOLDINGS BRASIL S.A.","shortName":"AES HOLD BR"}
